layer,group,matrix,parameter_name,rows,columns,parameters,dtype
0,attention,q_proj,model.layers.0.self_attn.q_proj.weight,2048,1024,2097152,torch.float16
0,attention,k_proj,model.layers.0.self_attn.k_proj.weight,1024,1024,1048576,torch.float16
0,attention,v_proj,model.layers.0.self_attn.v_proj.weight,1024,1024,1048576,torch.float16
0,attention,o_proj,model.layers.0.self_attn.o_proj.weight,1024,2048,2097152,torch.float16
0,mlp,gate_proj,model.layers.0.mlp.gate_proj.weight,3072,1024,3145728,torch.float16
0,mlp,up_proj,model.layers.0.mlp.up_proj.weight,3072,1024,3145728,torch.float16
0,mlp,down_proj,model.layers.0.mlp.down_proj.weight,1024,3072,3145728,torch.float16
1,attention,q_proj,model.layers.1.self_attn.q_proj.weight,2048,1024,2097152,torch.float16
1,attention,k_proj,model.layers.1.self_attn.k_proj.weight,1024,1024,1048576,torch.float16
1,attention,v_proj,model.layers.1.self_attn.v_proj.weight,1024,1024,1048576,torch.float16
1,attention,o_proj,model.layers.1.self_attn.o_proj.weight,1024,2048,2097152,torch.float16
1,mlp,gate_proj,model.layers.1.mlp.gate_proj.weight,3072,1024,3145728,torch.float16
1,mlp,up_proj,model.layers.1.mlp.up_proj.weight,3072,1024,3145728,torch.float16
1,mlp,down_proj,model.layers.1.mlp.down_proj.weight,1024,3072,3145728,torch.float16
2,attention,q_proj,model.layers.2.self_attn.q_proj.weight,2048,1024,2097152,torch.float16
2,attention,k_proj,model.layers.2.self_attn.k_proj.weight,1024,1024,1048576,torch.float16
2,attention,v_proj,model.layers.2.self_attn.v_proj.weight,1024,1024,1048576,torch.float16
2,attention,o_proj,model.layers.2.self_attn.o_proj.weight,1024,2048,2097152,torch.float16
2,mlp,gate_proj,model.layers.2.mlp.gate_proj.weight,3072,1024,3145728,torch.float16
2,mlp,up_proj,model.layers.2.mlp.up_proj.weight,3072,1024,3145728,torch.float16
2,mlp,down_proj,model.layers.2.mlp.down_proj.weight,1024,3072,3145728,torch.float16
3,attention,q_proj,model.layers.3.self_attn.q_proj.weight,2048,1024,2097152,torch.float16
3,attention,k_proj,model.layers.3.self_attn.k_proj.weight,1024,1024,1048576,torch.float16
3,attention,v_proj,model.layers.3.self_attn.v_proj.weight,1024,1024,1048576,torch.float16
3,attention,o_proj,model.layers.3.self_attn.o_proj.weight,1024,2048,2097152,torch.float16
3,mlp,gate_proj,model.layers.3.mlp.gate_proj.weight,3072,1024,3145728,torch.float16
3,mlp,up_proj,model.layers.3.mlp.up_proj.weight,3072,1024,3145728,torch.float16
3,mlp,down_proj,model.layers.3.mlp.down_proj.weight,1024,3072,3145728,torch.float16
4,attention,q_proj,model.layers.4.self_attn.q_proj.weight,2048,1024,2097152,torch.float16
4,attention,k_proj,model.layers.4.self_attn.k_proj.weight,1024,1024,1048576,torch.float16
4,attention,v_proj,model.layers.4.self_attn.v_proj.weight,1024,1024,1048576,torch.float16
4,attention,o_proj,model.layers.4.self_attn.o_proj.weight,1024,2048,2097152,torch.float16
4,mlp,gate_proj,model.layers.4.mlp.gate_proj.weight,3072,1024,3145728,torch.float16
4,mlp,up_proj,model.layers.4.mlp.up_proj.weight,3072,1024,3145728,torch.float16
4,mlp,down_proj,model.layers.4.mlp.down_proj.weight,1024,3072,3145728,torch.float16
5,attention,q_proj,model.layers.5.self_attn.q_proj.weight,2048,1024,2097152,torch.float16
5,attention,k_proj,model.layers.5.self_attn.k_proj.weight,1024,1024,1048576,torch.float16
5,attention,v_proj,model.layers.5.self_attn.v_proj.weight,1024,1024,1048576,torch.float16
5,attention,o_proj,model.layers.5.self_attn.o_proj.weight,1024,2048,2097152,torch.float16
5,mlp,gate_proj,model.layers.5.mlp.gate_proj.weight,3072,1024,3145728,torch.float16
5,mlp,up_proj,model.layers.5.mlp.up_proj.weight,3072,1024,3145728,torch.float16
5,mlp,down_proj,model.layers.5.mlp.down_proj.weight,1024,3072,3145728,torch.float16
6,attention,q_proj,model.layers.6.self_attn.q_proj.weight,2048,1024,2097152,torch.float16
6,attention,k_proj,model.layers.6.self_attn.k_proj.weight,1024,1024,1048576,torch.float16
6,attention,v_proj,model.layers.6.self_attn.v_proj.weight,1024,1024,1048576,torch.float16
6,attention,o_proj,model.layers.6.self_attn.o_proj.weight,1024,2048,2097152,torch.float16
6,mlp,gate_proj,model.layers.6.mlp.gate_proj.weight,3072,1024,3145728,torch.float16
6,mlp,up_proj,model.layers.6.mlp.up_proj.weight,3072,1024,3145728,torch.float16
6,mlp,down_proj,model.layers.6.mlp.down_proj.weight,1024,3072,3145728,torch.float16
7,attention,q_proj,model.layers.7.self_attn.q_proj.weight,2048,1024,2097152,torch.float16
7,attention,k_proj,model.layers.7.self_attn.k_proj.weight,1024,1024,1048576,torch.float16
7,attention,v_proj,model.layers.7.self_attn.v_proj.weight,1024,1024,1048576,torch.float16
7,attention,o_proj,model.layers.7.self_attn.o_proj.weight,1024,2048,2097152,torch.float16
7,mlp,gate_proj,model.layers.7.mlp.gate_proj.weight,3072,1024,3145728,torch.float16
7,mlp,up_proj,model.layers.7.mlp.up_proj.weight,3072,1024,3145728,torch.float16
7,mlp,down_proj,model.layers.7.mlp.down_proj.weight,1024,3072,3145728,torch.float16
8,attention,q_proj,model.layers.8.self_attn.q_proj.weight,2048,1024,2097152,torch.float16
8,attention,k_proj,model.layers.8.self_attn.k_proj.weight,1024,1024,1048576,torch.float16
8,attention,v_proj,model.layers.8.self_attn.v_proj.weight,1024,1024,1048576,torch.float16
8,attention,o_proj,model.layers.8.self_attn.o_proj.weight,1024,2048,2097152,torch.float16
8,mlp,gate_proj,model.layers.8.mlp.gate_proj.weight,3072,1024,3145728,torch.float16
8,mlp,up_proj,model.layers.8.mlp.up_proj.weight,3072,1024,3145728,torch.float16
8,mlp,down_proj,model.layers.8.mlp.down_proj.weight,1024,3072,3145728,torch.float16
9,attention,q_proj,model.layers.9.self_attn.q_proj.weight,2048,1024,2097152,torch.float16
9,attention,k_proj,model.layers.9.self_attn.k_proj.weight,1024,1024,1048576,torch.float16
9,attention,v_proj,model.layers.9.self_attn.v_proj.weight,1024,1024,1048576,torch.float16
9,attention,o_proj,model.layers.9.self_attn.o_proj.weight,1024,2048,2097152,torch.float16
9,mlp,gate_proj,model.layers.9.mlp.gate_proj.weight,3072,1024,3145728,torch.float16
9,mlp,up_proj,model.layers.9.mlp.up_proj.weight,3072,1024,3145728,torch.float16
9,mlp,down_proj,model.layers.9.mlp.down_proj.weight,1024,3072,3145728,torch.float16
10,attention,q_proj,model.layers.10.self_attn.q_proj.weight,2048,1024,2097152,torch.float16
10,attention,k_proj,model.layers.10.self_attn.k_proj.weight,1024,1024,1048576,torch.float16
10,attention,v_proj,model.layers.10.self_attn.v_proj.weight,1024,1024,1048576,torch.float16
10,attention,o_proj,model.layers.10.self_attn.o_proj.weight,1024,2048,2097152,torch.float16
10,mlp,gate_proj,model.layers.10.mlp.gate_proj.weight,3072,1024,3145728,torch.float16
10,mlp,up_proj,model.layers.10.mlp.up_proj.weight,3072,1024,3145728,torch.float16
10,mlp,down_proj,model.layers.10.mlp.down_proj.weight,1024,3072,3145728,torch.float16
11,attention,q_proj,model.layers.11.self_attn.q_proj.weight,2048,1024,2097152,torch.float16
11,attention,k_proj,model.layers.11.self_attn.k_proj.weight,1024,1024,1048576,torch.float16
11,attention,v_proj,model.layers.11.self_attn.v_proj.weight,1024,1024,1048576,torch.float16
11,attention,o_proj,model.layers.11.self_attn.o_proj.weight,1024,2048,2097152,torch.float16
11,mlp,gate_proj,model.layers.11.mlp.gate_proj.weight,3072,1024,3145728,torch.float16
11,mlp,up_proj,model.layers.11.mlp.up_proj.weight,3072,1024,3145728,torch.float16
11,mlp,down_proj,model.layers.11.mlp.down_proj.weight,1024,3072,3145728,torch.float16
12,attention,q_proj,model.layers.12.self_attn.q_proj.weight,2048,1024,2097152,torch.float16
12,attention,k_proj,model.layers.12.self_attn.k_proj.weight,1024,1024,1048576,torch.float16
12,attention,v_proj,model.layers.12.self_attn.v_proj.weight,1024,1024,1048576,torch.float16
12,attention,o_proj,model.layers.12.self_attn.o_proj.weight,1024,2048,2097152,torch.float16
12,mlp,gate_proj,model.layers.12.mlp.gate_proj.weight,3072,1024,3145728,torch.float16
12,mlp,up_proj,model.layers.12.mlp.up_proj.weight,3072,1024,3145728,torch.float16
12,mlp,down_proj,model.layers.12.mlp.down_proj.weight,1024,3072,3145728,torch.float16
13,attention,q_proj,model.layers.13.self_attn.q_proj.weight,2048,1024,2097152,torch.float16
13,attention,k_proj,model.layers.13.self_attn.k_proj.weight,1024,1024,1048576,torch.float16
13,attention,v_proj,model.layers.13.self_attn.v_proj.weight,1024,1024,1048576,torch.float16
13,attention,o_proj,model.layers.13.self_attn.o_proj.weight,1024,2048,2097152,torch.float16
13,mlp,gate_proj,model.layers.13.mlp.gate_proj.weight,3072,1024,3145728,torch.float16
13,mlp,up_proj,model.layers.13.mlp.up_proj.weight,3072,1024,3145728,torch.float16
13,mlp,down_proj,model.layers.13.mlp.down_proj.weight,1024,3072,3145728,torch.float16
14,attention,q_proj,model.layers.14.self_attn.q_proj.weight,2048,1024,2097152,torch.float16
14,attention,k_proj,model.layers.14.self_attn.k_proj.weight,1024,1024,1048576,torch.float16
14,attention,v_proj,model.layers.14.self_attn.v_proj.weight,1024,1024,1048576,torch.float16
14,attention,o_proj,model.layers.14.self_attn.o_proj.weight,1024,2048,2097152,torch.float16
14,mlp,gate_proj,model.layers.14.mlp.gate_proj.weight,3072,1024,3145728,torch.float16
14,mlp,up_proj,model.layers.14.mlp.up_proj.weight,3072,1024,3145728,torch.float16
14,mlp,down_proj,model.layers.14.mlp.down_proj.weight,1024,3072,3145728,torch.float16
15,attention,q_proj,model.layers.15.self_attn.q_proj.weight,2048,1024,2097152,torch.float16
15,attention,k_proj,model.layers.15.self_attn.k_proj.weight,1024,1024,1048576,torch.float16
15,attention,v_proj,model.layers.15.self_attn.v_proj.weight,1024,1024,1048576,torch.float16
15,attention,o_proj,model.layers.15.self_attn.o_proj.weight,1024,2048,2097152,torch.float16
15,mlp,gate_proj,model.layers.15.mlp.gate_proj.weight,3072,1024,3145728,torch.float16
15,mlp,up_proj,model.layers.15.mlp.up_proj.weight,3072,1024,3145728,torch.float16
15,mlp,down_proj,model.layers.15.mlp.down_proj.weight,1024,3072,3145728,torch.float16
16,attention,q_proj,model.layers.16.self_attn.q_proj.weight,2048,1024,2097152,torch.float16
16,attention,k_proj,model.layers.16.self_attn.k_proj.weight,1024,1024,1048576,torch.float16
16,attention,v_proj,model.layers.16.self_attn.v_proj.weight,1024,1024,1048576,torch.float16
16,attention,o_proj,model.layers.16.self_attn.o_proj.weight,1024,2048,2097152,torch.float16
16,mlp,gate_proj,model.layers.16.mlp.gate_proj.weight,3072,1024,3145728,torch.float16
16,mlp,up_proj,model.layers.16.mlp.up_proj.weight,3072,1024,3145728,torch.float16
16,mlp,down_proj,model.layers.16.mlp.down_proj.weight,1024,3072,3145728,torch.float16
17,attention,q_proj,model.layers.17.self_attn.q_proj.weight,2048,1024,2097152,torch.float16
17,attention,k_proj,model.layers.17.self_attn.k_proj.weight,1024,1024,1048576,torch.float16
17,attention,v_proj,model.layers.17.self_attn.v_proj.weight,1024,1024,1048576,torch.float16
17,attention,o_proj,model.layers.17.self_attn.o_proj.weight,1024,2048,2097152,torch.float16
17,mlp,gate_proj,model.layers.17.mlp.gate_proj.weight,3072,1024,3145728,torch.float16
17,mlp,up_proj,model.layers.17.mlp.up_proj.weight,3072,1024,3145728,torch.float16
17,mlp,down_proj,model.layers.17.mlp.down_proj.weight,1024,3072,3145728,torch.float16
18,attention,q_proj,model.layers.18.self_attn.q_proj.weight,2048,1024,2097152,torch.float16
18,attention,k_proj,model.layers.18.self_attn.k_proj.weight,1024,1024,1048576,torch.float16
18,attention,v_proj,model.layers.18.self_attn.v_proj.weight,1024,1024,1048576,torch.float16
18,attention,o_proj,model.layers.18.self_attn.o_proj.weight,1024,2048,2097152,torch.float16
18,mlp,gate_proj,model.layers.18.mlp.gate_proj.weight,3072,1024,3145728,torch.float16
18,mlp,up_proj,model.layers.18.mlp.up_proj.weight,3072,1024,3145728,torch.float16
18,mlp,down_proj,model.layers.18.mlp.down_proj.weight,1024,3072,3145728,torch.float16
19,attention,q_proj,model.layers.19.self_attn.q_proj.weight,2048,1024,2097152,torch.float16
19,attention,k_proj,model.layers.19.self_attn.k_proj.weight,1024,1024,1048576,torch.float16
19,attention,v_proj,model.layers.19.self_attn.v_proj.weight,1024,1024,1048576,torch.float16
19,attention,o_proj,model.layers.19.self_attn.o_proj.weight,1024,2048,2097152,torch.float16
19,mlp,gate_proj,model.layers.19.mlp.gate_proj.weight,3072,1024,3145728,torch.float16
19,mlp,up_proj,model.layers.19.mlp.up_proj.weight,3072,1024,3145728,torch.float16
19,mlp,down_proj,model.layers.19.mlp.down_proj.weight,1024,3072,3145728,torch.float16
20,attention,q_proj,model.layers.20.self_attn.q_proj.weight,2048,1024,2097152,torch.float16
20,attention,k_proj,model.layers.20.self_attn.k_proj.weight,1024,1024,1048576,torch.float16
20,attention,v_proj,model.layers.20.self_attn.v_proj.weight,1024,1024,1048576,torch.float16
20,attention,o_proj,model.layers.20.self_attn.o_proj.weight,1024,2048,2097152,torch.float16
20,mlp,gate_proj,model.layers.20.mlp.gate_proj.weight,3072,1024,3145728,torch.float16
20,mlp,up_proj,model.layers.20.mlp.up_proj.weight,3072,1024,3145728,torch.float16
20,mlp,down_proj,model.layers.20.mlp.down_proj.weight,1024,3072,3145728,torch.float16
21,attention,q_proj,model.layers.21.self_attn.q_proj.weight,2048,1024,2097152,torch.float16
21,attention,k_proj,model.layers.21.self_attn.k_proj.weight,1024,1024,1048576,torch.float16
21,attention,v_proj,model.layers.21.self_attn.v_proj.weight,1024,1024,1048576,torch.float16
21,attention,o_proj,model.layers.21.self_attn.o_proj.weight,1024,2048,2097152,torch.float16
21,mlp,gate_proj,model.layers.21.mlp.gate_proj.weight,3072,1024,3145728,torch.float16
21,mlp,up_proj,model.layers.21.mlp.up_proj.weight,3072,1024,3145728,torch.float16
21,mlp,down_proj,model.layers.21.mlp.down_proj.weight,1024,3072,3145728,torch.float16
22,attention,q_proj,model.layers.22.self_attn.q_proj.weight,2048,1024,2097152,torch.float16
22,attention,k_proj,model.layers.22.self_attn.k_proj.weight,1024,1024,1048576,torch.float16
22,attention,v_proj,model.layers.22.self_attn.v_proj.weight,1024,1024,1048576,torch.float16
22,attention,o_proj,model.layers.22.self_attn.o_proj.weight,1024,2048,2097152,torch.float16
22,mlp,gate_proj,model.layers.22.mlp.gate_proj.weight,3072,1024,3145728,torch.float16
22,mlp,up_proj,model.layers.22.mlp.up_proj.weight,3072,1024,3145728,torch.float16
22,mlp,down_proj,model.layers.22.mlp.down_proj.weight,1024,3072,3145728,torch.float16
23,attention,q_proj,model.layers.23.self_attn.q_proj.weight,2048,1024,2097152,torch.float16
23,attention,k_proj,model.layers.23.self_attn.k_proj.weight,1024,1024,1048576,torch.float16
23,attention,v_proj,model.layers.23.self_attn.v_proj.weight,1024,1024,1048576,torch.float16
23,attention,o_proj,model.layers.23.self_attn.o_proj.weight,1024,2048,2097152,torch.float16
23,mlp,gate_proj,model.layers.23.mlp.gate_proj.weight,3072,1024,3145728,torch.float16
23,mlp,up_proj,model.layers.23.mlp.up_proj.weight,3072,1024,3145728,torch.float16
23,mlp,down_proj,model.layers.23.mlp.down_proj.weight,1024,3072,3145728,torch.float16
24,attention,q_proj,model.layers.24.self_attn.q_proj.weight,2048,1024,2097152,torch.float16
24,attention,k_proj,model.layers.24.self_attn.k_proj.weight,1024,1024,1048576,torch.float16
24,attention,v_proj,model.layers.24.self_attn.v_proj.weight,1024,1024,1048576,torch.float16
24,attention,o_proj,model.layers.24.self_attn.o_proj.weight,1024,2048,2097152,torch.float16
24,mlp,gate_proj,model.layers.24.mlp.gate_proj.weight,3072,1024,3145728,torch.float16
24,mlp,up_proj,model.layers.24.mlp.up_proj.weight,3072,1024,3145728,torch.float16
24,mlp,down_proj,model.layers.24.mlp.down_proj.weight,1024,3072,3145728,torch.float16
25,attention,q_proj,model.layers.25.self_attn.q_proj.weight,2048,1024,2097152,torch.float16
25,attention,k_proj,model.layers.25.self_attn.k_proj.weight,1024,1024,1048576,torch.float16
25,attention,v_proj,model.layers.25.self_attn.v_proj.weight,1024,1024,1048576,torch.float16
25,attention,o_proj,model.layers.25.self_attn.o_proj.weight,1024,2048,2097152,torch.float16
25,mlp,gate_proj,model.layers.25.mlp.gate_proj.weight,3072,1024,3145728,torch.float16
25,mlp,up_proj,model.layers.25.mlp.up_proj.weight,3072,1024,3145728,torch.float16
25,mlp,down_proj,model.layers.25.mlp.down_proj.weight,1024,3072,3145728,torch.float16
26,attention,q_proj,model.layers.26.self_attn.q_proj.weight,2048,1024,2097152,torch.float16
26,attention,k_proj,model.layers.26.self_attn.k_proj.weight,1024,1024,1048576,torch.float16
26,attention,v_proj,model.layers.26.self_attn.v_proj.weight,1024,1024,1048576,torch.float16
26,attention,o_proj,model.layers.26.self_attn.o_proj.weight,1024,2048,2097152,torch.float16
26,mlp,gate_proj,model.layers.26.mlp.gate_proj.weight,3072,1024,3145728,torch.float16
26,mlp,up_proj,model.layers.26.mlp.up_proj.weight,3072,1024,3145728,torch.float16
26,mlp,down_proj,model.layers.26.mlp.down_proj.weight,1024,3072,3145728,torch.float16
27,attention,q_proj,model.layers.27.self_attn.q_proj.weight,2048,1024,2097152,torch.float16
27,attention,k_proj,model.layers.27.self_attn.k_proj.weight,1024,1024,1048576,torch.float16
27,attention,v_proj,model.layers.27.self_attn.v_proj.weight,1024,1024,1048576,torch.float16
27,attention,o_proj,model.layers.27.self_attn.o_proj.weight,1024,2048,2097152,torch.float16
27,mlp,gate_proj,model.layers.27.mlp.gate_proj.weight,3072,1024,3145728,torch.float16
27,mlp,up_proj,model.layers.27.mlp.up_proj.weight,3072,1024,3145728,torch.float16
27,mlp,down_proj,model.layers.27.mlp.down_proj.weight,1024,3072,3145728,torch.float16
