matrix_name,layer,matrix_family,shape,largest_singular_value
model.layers.0.self_attn.q_proj.weight,0,attention,2048x1024,9.839190483093262
model.layers.0.self_attn.k_proj.weight,0,attention,1024x1024,8.109445571899414
model.layers.0.self_attn.v_proj.weight,0,attention,1024x1024,1.923303484916687
model.layers.0.self_attn.o_proj.weight,0,attention,1024x2048,3.401958703994751
model.layers.0.mlp.gate_proj.weight,0,mlp,3072x1024,7.9159159660339355
model.layers.0.mlp.up_proj.weight,0,mlp,3072x1024,2.777622699737549
model.layers.0.mlp.down_proj.weight,0,mlp,1024x3072,4.178268909454346
model.layers.1.self_attn.q_proj.weight,1,attention,2048x1024,7.125185966491699
model.layers.1.self_attn.k_proj.weight,1,attention,1024x1024,4.145108222961426
model.layers.1.self_attn.v_proj.weight,1,attention,1024x1024,2.4397521018981934
model.layers.1.self_attn.o_proj.weight,1,attention,1024x2048,3.6409857273101807
model.layers.1.mlp.gate_proj.weight,1,mlp,3072x1024,9.134441375732422
model.layers.1.mlp.up_proj.weight,1,mlp,3072x1024,2.765834331512451
model.layers.1.mlp.down_proj.weight,1,mlp,1024x3072,3.781538248062134
model.layers.2.self_attn.q_proj.weight,2,attention,2048x1024,7.3001909255981445
model.layers.2.self_attn.k_proj.weight,2,attention,1024x1024,4.626376152038574
model.layers.2.self_attn.v_proj.weight,2,attention,1024x1024,2.4389808177948
model.layers.2.self_attn.o_proj.weight,2,attention,1024x2048,3.7114639282226562
model.layers.2.mlp.gate_proj.weight,2,mlp,3072x1024,7.698883533477783
model.layers.2.mlp.up_proj.weight,2,mlp,3072x1024,4.722911357879639
model.layers.2.mlp.down_proj.weight,2,mlp,1024x3072,3.996140718460083
model.layers.3.self_attn.q_proj.weight,3,attention,2048x1024,5.794030666351318
model.layers.3.self_attn.k_proj.weight,3,attention,1024x1024,3.283482074737549
model.layers.3.self_attn.v_proj.weight,3,attention,1024x1024,2.4209468364715576
model.layers.3.self_attn.o_proj.weight,3,attention,1024x2048,3.4357755184173584
model.layers.3.mlp.gate_proj.weight,3,mlp,3072x1024,8.188912391662598
model.layers.3.mlp.up_proj.weight,3,mlp,3072x1024,2.816051959991455
model.layers.3.mlp.down_proj.weight,3,mlp,1024x3072,3.459641933441162
model.layers.4.self_attn.q_proj.weight,4,attention,2048x1024,5.261801719665527
model.layers.4.self_attn.k_proj.weight,4,attention,1024x1024,4.010451316833496
model.layers.4.self_attn.v_proj.weight,4,attention,1024x1024,2.128201961517334
model.layers.4.self_attn.o_proj.weight,4,attention,1024x2048,3.0967135429382324
model.layers.4.mlp.gate_proj.weight,4,mlp,3072x1024,9.311043739318848
model.layers.4.mlp.up_proj.weight,4,mlp,3072x1024,3.7390940189361572
model.layers.4.mlp.down_proj.weight,4,mlp,1024x3072,3.6259236335754395
model.layers.5.self_attn.q_proj.weight,5,attention,2048x1024,6.132631778717041
model.layers.5.self_attn.k_proj.weight,5,attention,1024x1024,3.502927541732788
model.layers.5.self_attn.v_proj.weight,5,attention,1024x1024,2.644266128540039
model.layers.5.self_attn.o_proj.weight,5,attention,1024x2048,3.0372908115386963
model.layers.5.mlp.gate_proj.weight,5,mlp,3072x1024,6.905409336090088
model.layers.5.mlp.up_proj.weight,5,mlp,3072x1024,2.9865634441375732
model.layers.5.mlp.down_proj.weight,5,mlp,1024x3072,3.974992275238037
model.layers.6.self_attn.q_proj.weight,6,attention,2048x1024,7.088103294372559
model.layers.6.self_attn.k_proj.weight,6,attention,1024x1024,3.206040620803833
model.layers.6.self_attn.v_proj.weight,6,attention,1024x1024,2.161985158920288
model.layers.6.self_attn.o_proj.weight,6,attention,1024x2048,3.229447603225708
model.layers.6.mlp.gate_proj.weight,6,mlp,3072x1024,7.375755786895752
model.layers.6.mlp.up_proj.weight,6,mlp,3072x1024,2.794795513153076
model.layers.6.mlp.down_proj.weight,6,mlp,1024x3072,3.8752195835113525
model.layers.7.self_attn.q_proj.weight,7,attention,2048x1024,5.410792350769043
model.layers.7.self_attn.k_proj.weight,7,attention,1024x1024,3.574174165725708
model.layers.7.self_attn.v_proj.weight,7,attention,1024x1024,2.1307685375213623
model.layers.7.self_attn.o_proj.weight,7,attention,1024x2048,3.04852032661438
model.layers.7.mlp.gate_proj.weight,7,mlp,3072x1024,7.404042720794678
model.layers.7.mlp.up_proj.weight,7,mlp,3072x1024,3.0374574661254883
model.layers.7.mlp.down_proj.weight,7,mlp,1024x3072,4.508615016937256
model.layers.8.self_attn.q_proj.weight,8,attention,2048x1024,5.878446578979492
model.layers.8.self_attn.k_proj.weight,8,attention,1024x1024,6.540058135986328
model.layers.8.self_attn.v_proj.weight,8,attention,1024x1024,3.7562057971954346
model.layers.8.self_attn.o_proj.weight,8,attention,1024x2048,3.7384190559387207
model.layers.8.mlp.gate_proj.weight,8,mlp,3072x1024,6.773374080657959
model.layers.8.mlp.up_proj.weight,8,mlp,3072x1024,3.2795827388763428
model.layers.8.mlp.down_proj.weight,8,mlp,1024x3072,4.472596168518066
model.layers.9.self_attn.q_proj.weight,9,attention,2048x1024,5.749741077423096
model.layers.9.self_attn.k_proj.weight,9,attention,1024x1024,3.0655126571655273
model.layers.9.self_attn.v_proj.weight,9,attention,1024x1024,2.1892244815826416
model.layers.9.self_attn.o_proj.weight,9,attention,1024x2048,3.514160633087158
model.layers.9.mlp.gate_proj.weight,9,mlp,3072x1024,6.910195827484131
model.layers.9.mlp.up_proj.weight,9,mlp,3072x1024,3.053441047668457
model.layers.9.mlp.down_proj.weight,9,mlp,1024x3072,4.2216291427612305
model.layers.10.self_attn.q_proj.weight,10,attention,2048x1024,5.328141212463379
model.layers.10.self_attn.k_proj.weight,10,attention,1024x1024,3.889131784439087
model.layers.10.self_attn.v_proj.weight,10,attention,1024x1024,2.2570128440856934
model.layers.10.self_attn.o_proj.weight,10,attention,1024x2048,3.191128969192505
model.layers.10.mlp.gate_proj.weight,10,mlp,3072x1024,6.421111106872559
model.layers.10.mlp.up_proj.weight,10,mlp,3072x1024,3.116084575653076
model.layers.10.mlp.down_proj.weight,10,mlp,1024x3072,3.945387363433838
model.layers.11.self_attn.q_proj.weight,11,attention,2048x1024,8.478686332702637
model.layers.11.self_attn.k_proj.weight,11,attention,1024x1024,3.594529151916504
model.layers.11.self_attn.v_proj.weight,11,attention,1024x1024,2.3105967044830322
model.layers.11.self_attn.o_proj.weight,11,attention,1024x2048,3.133573293685913
model.layers.11.mlp.gate_proj.weight,11,mlp,3072x1024,5.708353042602539
model.layers.11.mlp.up_proj.weight,11,mlp,3072x1024,3.078338861465454
model.layers.11.mlp.down_proj.weight,11,mlp,1024x3072,4.874773025512695
model.layers.12.self_attn.q_proj.weight,12,attention,2048x1024,6.007787704467773
model.layers.12.self_attn.k_proj.weight,12,attention,1024x1024,6.1328840255737305
model.layers.12.self_attn.v_proj.weight,12,attention,1024x1024,4.108825206756592
model.layers.12.self_attn.o_proj.weight,12,attention,1024x2048,3.144490957260132
model.layers.12.mlp.gate_proj.weight,12,mlp,3072x1024,5.247958660125732
model.layers.12.mlp.up_proj.weight,12,mlp,3072x1024,3.0244147777557373
model.layers.12.mlp.down_proj.weight,12,mlp,1024x3072,4.999720573425293
model.layers.13.self_attn.q_proj.weight,13,attention,2048x1024,6.567951202392578
model.layers.13.self_attn.k_proj.weight,13,attention,1024x1024,5.111391544342041
model.layers.13.self_attn.v_proj.weight,13,attention,1024x1024,3.944005250930786
model.layers.13.self_attn.o_proj.weight,13,attention,1024x2048,3.165407180786133
model.layers.13.mlp.gate_proj.weight,13,mlp,3072x1024,4.925443172454834
model.layers.13.mlp.up_proj.weight,13,mlp,3072x1024,2.9028995037078857
model.layers.13.mlp.down_proj.weight,13,mlp,1024x3072,4.7979536056518555
model.layers.14.self_attn.q_proj.weight,14,attention,2048x1024,5.66303825378418
model.layers.14.self_attn.k_proj.weight,14,attention,1024x1024,5.142563819885254
model.layers.14.self_attn.v_proj.weight,14,attention,1024x1024,3.421130657196045
model.layers.14.self_attn.o_proj.weight,14,attention,1024x2048,3.0158660411834717
model.layers.14.mlp.gate_proj.weight,14,mlp,3072x1024,4.760800361633301
model.layers.14.mlp.up_proj.weight,14,mlp,3072x1024,2.859821081161499
model.layers.14.mlp.down_proj.weight,14,mlp,1024x3072,4.618988990783691
model.layers.15.self_attn.q_proj.weight,15,attention,2048x1024,5.56480598449707
model.layers.15.self_attn.k_proj.weight,15,attention,1024x1024,2.9568216800689697
model.layers.15.self_attn.v_proj.weight,15,attention,1024x1024,2.1659247875213623
model.layers.15.self_attn.o_proj.weight,15,attention,1024x2048,2.8720755577087402
model.layers.15.mlp.gate_proj.weight,15,mlp,3072x1024,4.901177406311035
model.layers.15.mlp.up_proj.weight,15,mlp,3072x1024,2.952631711959839
model.layers.15.mlp.down_proj.weight,15,mlp,1024x3072,4.1087565422058105
model.layers.16.self_attn.q_proj.weight,16,attention,2048x1024,7.136008262634277
model.layers.16.self_attn.k_proj.weight,16,attention,1024x1024,2.8946266174316406
model.layers.16.self_attn.v_proj.weight,16,attention,1024x1024,2.120788097381592
model.layers.16.self_attn.o_proj.weight,16,attention,1024x2048,2.817195415496826
model.layers.16.mlp.gate_proj.weight,16,mlp,3072x1024,5.455625057220459
model.layers.16.mlp.up_proj.weight,16,mlp,3072x1024,3.2119669914245605
model.layers.16.mlp.down_proj.weight,16,mlp,1024x3072,4.146256923675537
model.layers.17.self_attn.q_proj.weight,17,attention,2048x1024,6.647421836853027
model.layers.17.self_attn.k_proj.weight,17,attention,1024x1024,2.783609390258789
model.layers.17.self_attn.v_proj.weight,17,attention,1024x1024,2.0172858238220215
model.layers.17.self_attn.o_proj.weight,17,attention,1024x2048,2.586247682571411
model.layers.17.mlp.gate_proj.weight,17,mlp,3072x1024,5.0984296798706055
model.layers.17.mlp.up_proj.weight,17,mlp,3072x1024,3.508885145187378
model.layers.17.mlp.down_proj.weight,17,mlp,1024x3072,3.5233640670776367
model.layers.18.self_attn.q_proj.weight,18,attention,2048x1024,6.222846984863281
model.layers.18.self_attn.k_proj.weight,18,attention,1024x1024,2.3915469646453857
model.layers.18.self_attn.v_proj.weight,18,attention,1024x1024,2.181098461151123
model.layers.18.self_attn.o_proj.weight,18,attention,1024x2048,2.581141471862793
model.layers.18.mlp.gate_proj.weight,18,mlp,3072x1024,5.442561626434326
model.layers.18.mlp.up_proj.weight,18,mlp,3072x1024,4.023980617523193
model.layers.18.mlp.down_proj.weight,18,mlp,1024x3072,4.221355438232422
model.layers.19.self_attn.q_proj.weight,19,attention,2048x1024,6.298266887664795
model.layers.19.self_attn.k_proj.weight,19,attention,1024x1024,2.561249017715454
model.layers.19.self_attn.v_proj.weight,19,attention,1024x1024,2.303035259246826
model.layers.19.self_attn.o_proj.weight,19,attention,1024x2048,2.514267921447754
model.layers.19.mlp.gate_proj.weight,19,mlp,3072x1024,5.54415225982666
model.layers.19.mlp.up_proj.weight,19,mlp,3072x1024,4.645503044128418
model.layers.19.mlp.down_proj.weight,19,mlp,1024x3072,4.13431978225708
model.layers.20.self_attn.q_proj.weight,20,attention,2048x1024,6.995102882385254
model.layers.20.self_attn.k_proj.weight,20,attention,1024x1024,2.903574228286743
model.layers.20.self_attn.v_proj.weight,20,attention,1024x1024,2.2197861671447754
model.layers.20.self_attn.o_proj.weight,20,attention,1024x2048,2.81095814704895
model.layers.20.mlp.gate_proj.weight,20,mlp,3072x1024,5.668509006500244
model.layers.20.mlp.up_proj.weight,20,mlp,3072x1024,4.873080730438232
model.layers.20.mlp.down_proj.weight,20,mlp,1024x3072,4.162385940551758
model.layers.21.self_attn.q_proj.weight,21,attention,2048x1024,6.112337112426758
model.layers.21.self_attn.k_proj.weight,21,attention,1024x1024,2.682360887527466
model.layers.21.self_attn.v_proj.weight,21,attention,1024x1024,2.6369972229003906
model.layers.21.self_attn.o_proj.weight,21,attention,1024x2048,3.244318723678589
model.layers.21.mlp.gate_proj.weight,21,mlp,3072x1024,5.932655334472656
model.layers.21.mlp.up_proj.weight,21,mlp,3072x1024,4.553917407989502
model.layers.21.mlp.down_proj.weight,21,mlp,1024x3072,4.2049174308776855
model.layers.22.self_attn.q_proj.weight,22,attention,2048x1024,5.2865214347839355
model.layers.22.self_attn.k_proj.weight,22,attention,1024x1024,2.707298517227173
model.layers.22.self_attn.v_proj.weight,22,attention,1024x1024,2.3740525245666504
model.layers.22.self_attn.o_proj.weight,22,attention,1024x2048,3.185779094696045
model.layers.22.mlp.gate_proj.weight,22,mlp,3072x1024,6.117500305175781
model.layers.22.mlp.up_proj.weight,22,mlp,3072x1024,4.093169212341309
model.layers.22.mlp.down_proj.weight,22,mlp,1024x3072,4.4304914474487305
model.layers.23.self_attn.q_proj.weight,23,attention,2048x1024,5.774585247039795
model.layers.23.self_attn.k_proj.weight,23,attention,1024x1024,2.7312233448028564
model.layers.23.self_attn.v_proj.weight,23,attention,1024x1024,2.312479257583618
model.layers.23.self_attn.o_proj.weight,23,attention,1024x2048,3.065605401992798
model.layers.23.mlp.gate_proj.weight,23,mlp,3072x1024,6.3423004150390625
model.layers.23.mlp.up_proj.weight,23,mlp,3072x1024,4.3668317794799805
model.layers.23.mlp.down_proj.weight,23,mlp,1024x3072,4.413699150085449
model.layers.24.self_attn.q_proj.weight,24,attention,2048x1024,7.105090618133545
model.layers.24.self_attn.k_proj.weight,24,attention,1024x1024,3.299158811569214
model.layers.24.self_attn.v_proj.weight,24,attention,1024x1024,2.3188369274139404
model.layers.24.self_attn.o_proj.weight,24,attention,1024x2048,3.3703184127807617
model.layers.24.mlp.gate_proj.weight,24,mlp,3072x1024,5.793736457824707
model.layers.24.mlp.up_proj.weight,24,mlp,3072x1024,4.128598690032959
model.layers.24.mlp.down_proj.weight,24,mlp,1024x3072,4.265066623687744
model.layers.25.self_attn.q_proj.weight,25,attention,2048x1024,7.111460208892822
model.layers.25.self_attn.k_proj.weight,25,attention,1024x1024,3.1411099433898926
model.layers.25.self_attn.v_proj.weight,25,attention,1024x1024,3.0083470344543457
model.layers.25.self_attn.o_proj.weight,25,attention,1024x2048,3.1362197399139404
model.layers.25.mlp.gate_proj.weight,25,mlp,3072x1024,5.180855751037598
model.layers.25.mlp.up_proj.weight,25,mlp,3072x1024,4.580703258514404
model.layers.25.mlp.down_proj.weight,25,mlp,1024x3072,3.947911024093628
model.layers.26.self_attn.q_proj.weight,26,attention,2048x1024,6.3535075187683105
model.layers.26.self_attn.k_proj.weight,26,attention,1024x1024,3.200033664703369
model.layers.26.self_attn.v_proj.weight,26,attention,1024x1024,2.8830158710479736
model.layers.26.self_attn.o_proj.weight,26,attention,1024x2048,3.5601723194122314
model.layers.26.mlp.gate_proj.weight,26,mlp,3072x1024,6.150941848754883
model.layers.26.mlp.up_proj.weight,26,mlp,3072x1024,6.524289608001709
model.layers.26.mlp.down_proj.weight,26,mlp,1024x3072,3.6805784702301025
model.layers.27.self_attn.q_proj.weight,27,attention,2048x1024,7.044890403747559
model.layers.27.self_attn.k_proj.weight,27,attention,1024x1024,5.156622886657715
model.layers.27.self_attn.v_proj.weight,27,attention,1024x1024,2.5453414916992188
model.layers.27.self_attn.o_proj.weight,27,attention,1024x2048,3.315382957458496
model.layers.27.mlp.gate_proj.weight,27,mlp,3072x1024,12.90357494354248
model.layers.27.mlp.up_proj.weight,27,mlp,3072x1024,10.565954208374023
model.layers.27.mlp.down_proj.weight,27,mlp,1024x3072,3.8341033458709717
